year,age_band,use_chip,total_frequency,total_amount
2010,<=30,Online Transaction,1333,92876.789999999964
2010,<=30,Swipe Transaction,17847,744020.60999999987
2010,31-41,Online Transaction,23521,1478713.9500000034
2010,31-41,Swipe Transaction,219046,9453323.4499999546
2010,42-51,Online Transaction,40192,2303456.0099999974
2010,42-51,Swipe Transaction,294340,11815670.480000183
2010,52-61,Online Transaction,32455,1840126.4399999997
2010,52-61,Swipe Transaction,240533,10214742.950000204
2010,62-67,Online Transaction,12358,766897.16000000283
2010,62-67,Swipe Transaction,114220,4908755.0899999533
2010,67+,Online Transaction,24963,1476217.7000000053
2010,67+,Swipe Transaction,220072,9137755.4899999145
2011,<=30,Online Transaction,1655,116865.83999999987
2011,<=30,Swipe Transaction,25448,1093056.9500000058
2011,31-41,Online Transaction,24398,1503547.7599999981
2011,31-41,Swipe Transaction,230597,9871108.4599999487
2011,42-51,Online Transaction,41712,2312404.7100000018
2011,42-51,Swipe Transaction,304628,12107108.799999872
2011,52-61,Online Transaction,33159,1775508.5400000173
2011,52-61,Swipe Transaction,247655,10460769.239999905
2011,62-67,Online Transaction,12769,766500.8600000001
2011,62-67,Swipe Transaction,117807,4997619.9599999515
2011,67+,Online Transaction,25821,1477588.5399999975
2011,67+,Swipe Transaction,225121,9296825.2999998871
2012,<=30,Online Transaction,2116,160205.5799999999
2012,<=30,Swipe Transaction,31169,1334994.6300000024
2012,31-41,Online Transaction,26383,1595448.7900000075
2012,31-41,Swipe Transaction,234978,9996765.8899999857
2012,42-51,Online Transaction,43558,2414469.61000001
2012,42-51,Swipe Transaction,308304,12213884.540000122
2012,52-61,Online Transaction,35173,1877197.359999992
2012,52-61,Swipe Transaction,252610,10553232.76000005
2012,62-67,Online Transaction,13398,814568.22000000032
2012,62-67,Swipe Transaction,119880,5046097.9299999615
2012,67+,Online Transaction,26724,1507296.6599999988
2012,67+,Swipe Transaction,227379,9318248.8900000732
2013,<=30,Online Transaction,2616,196779.39999999947
2013,<=30,Swipe Transaction,37057,1556000.4600000118
2013,31-41,Online Transaction,29278,1748330.7500000042
2013,31-41,Swipe Transaction,241075,10235266.329999987
2013,42-51,Online Transaction,46219,2559075.9700000198
2013,42-51,Swipe Transaction,314450,12507167.670000093
2013,52-61,Online Transaction,36564,1941049.1999999981
2013,52-61,Swipe Transaction,253777,10641064.939999897
2013,62-67,Online Transaction,13946,874348.34999999916
2013,62-67,Swipe Transaction,120397,5016859.8000000538
2013,67+,Online Transaction,28518,1637628.8500000089
2013,67+,Swipe Transaction,228911,9371367.900000222
2014,<=30,Online Transaction,2716,219047.27999999988
2014,<=30,Swipe Transaction,38740,1626068.5600000073
2014,31-41,Online Transaction,29737,1753799.1200000085
2014,31-41,Swipe Transaction,243962,10246484.519999813
2014,42-51,Online Transaction,47875,2619342.5200000131
2014,42-51,Swipe Transaction,316311,12596184.260000117
2014,52-61,Online Transaction,37310,1996996.6999999997
2014,52-61,Swipe Transaction,254294,10615546.880000005
2014,62-67,Online Transaction,14609,905832.64000000339
2014,62-67,Swipe Transaction,121882,5058427.6699999589
2014,67+,Online Transaction,29212,1645616.390000012
2014,67+,Swipe Transaction,228889,9334473.970000159
2015,<=30,Chip Transaction,38357,1632097.7300000184
2015,<=30,Online Transaction,5031,341666.21000000066
2015,<=30,Swipe Transaction,7227,234946.88999999932
2015,31-41,Chip Transaction,200354,8318961.9100000784
2015,31-41,Online Transaction,31155,1873015.5400000112
2015,31-41,Swipe Transaction,47338,1943084.2400000126
2015,42-51,Chip Transaction,258023,10368802.55999985
2015,42-51,Online Transaction,49717,2834999.0700000068
2015,42-51,Swipe Transaction,60468,2285791.0399999921
2015,52-61,Chip Transaction,203765,8402164.5199999064
2015,52-61,Online Transaction,39000,2121860.5099999923
2015,52-61,Swipe Transaction,50079,2100701.9400000107
2015,62-67,Chip Transaction,97196,3972231.6100000571
2015,62-67,Online Transaction,14741,947857.76999999885
2015,62-67,Swipe Transaction,24540,1057448.8699999987
2015,67+,Chip Transaction,185266,7454504.8799999962
2015,67+,Online Transaction,30367,1746315.3799999792
2015,67+,Swipe Transaction,45441,1877556.7600000082
2016,<=30,Chip Transaction,40470,1707477.7200000098
2016,<=30,Online Transaction,5803,379310.21000000025
2016,<=30,Swipe Transaction,8392,270189.65999999957
2016,31-41,Chip Transaction,201798,8491621.3100000881
2016,31-41,Online Transaction,31000,1876858.340000005
2016,31-41,Swipe Transaction,46476,1936893.9699999995
2016,42-51,Chip Transaction,257963,10378228.890000174
2016,42-51,Online Transaction,49554,2838668.3199999933
2016,42-51,Swipe Transaction,60083,2276220.5900000189
2016,52-61,Chip Transaction,204935,8456258.6199999545
2016,52-61,Online Transaction,38582,2085830.6600000176
2016,52-61,Swipe Transaction,49710,2076320.040000001
2016,62-67,Chip Transaction,97559,4002075.8900000132
2016,62-67,Online Transaction,14788,934862.10000000673
2016,62-67,Swipe Transaction,24410,1037934.8499999968
2016,67+,Chip Transaction,185182,7452103.4600001341
2016,67+,Online Transaction,30547,1759039.749999997
2016,67+,Swipe Transaction,44865,1884134.5199999954
2017,<=30,Chip Transaction,42499,1800323.8800000066
2017,<=30,Online Transaction,5851,369876.29000000027
2017,<=30,Swipe Transaction,9061,277587.20999999985
2017,31-41,Chip Transaction,201657,8422071.9599998537
2017,31-41,Online Transaction,30557,1830427.2500000047
2017,31-41,Swipe Transaction,46531,1917503.8700000013
2017,42-51,Chip Transaction,259150,10309761.82000019
2017,42-51,Online Transaction,48859,2732739.5
2017,42-51,Swipe Transaction,60576,2332937.6499999855
2017,52-61,Chip Transaction,208110,8556521.1900000013
2017,52-61,Online Transaction,38887,2047649.3599999971
2017,52-61,Swipe Transaction,49900,2076820.4900000023
2017,62-67,Chip Transaction,98295,4003852.7000000048
2017,62-67,Online Transaction,14811,903493.59999999951
2017,62-67,Swipe Transaction,24201,1026271.8699999989
2017,67+,Chip Transaction,186414,7554090.739999963
2017,67+,Online Transaction,29810,1695332.4999999986
2017,67+,Swipe Transaction,44139,1771218.7500000049
2018,<=30,Chip Transaction,42359,1814707.9000000122
2018,<=30,Online Transaction,5968,389233.87999999768
2018,<=30,Swipe Transaction,9233,311958.26000000018
2018,31-41,Chip Transaction,201317,8463364.519999912
2018,31-41,Online Transaction,30714,1810084.0799999863
2018,31-41,Swipe Transaction,46879,1910150.5399999993
2018,42-51,Chip Transaction,256348,10367525.499999955
2018,42-51,Online Transaction,48987,2755048.9100000248
2018,42-51,Swipe Transaction,61764,2317609.1800000085
2018,52-61,Chip Transaction,207267,8477595.67000003
2018,52-61,Online Transaction,38925,2053809.1299999855
2018,52-61,Swipe Transaction,49286,2079330.9099999834
2018,62-67,Chip Transaction,97025,3928230.6100000357
2018,62-67,Online Transaction,14337,918531.58999999717
2018,62-67,Swipe Transaction,23833,979042.58000000182
2018,67+,Chip Transaction,186329,7556596.7799999537
2018,67+,Online Transaction,29646,1634163.8499999957
2018,67+,Swipe Transaction,44575,1860334.0500000184
2019,<=30,Chip Transaction,35056,1473601.830000005
2019,<=30,Online Transaction,4919,319764.37999999942
2019,<=30,Swipe Transaction,7748,251378.85999999955
2019,31-41,Chip Transaction,167123,6986817.0199999558
2019,31-41,Online Transaction,25209,1483295.9800000016
2019,31-41,Swipe Transaction,39899,1650587.0499999877
2019,42-51,Chip Transaction,212187,8523283.5199999232
2019,42-51,Online Transaction,40683,2273414.840000011
2019,42-51,Swipe Transaction,51384,1949052.0000000012
2019,52-61,Chip Transaction,173901,7126854.9799999641
2019,52-61,Online Transaction,32435,1714731.6399999936
2019,52-61,Swipe Transaction,40810,1746265.8199999966
2019,62-67,Chip Transaction,80015,3232709.7499999851
2019,62-67,Online Transaction,12012,766265.84000000323
2019,62-67,Swipe Transaction,19671,826908.79999999993
2019,67+,Chip Transaction,154898,6249144.4699999448
2019,67+,Online Transaction,24729,1384225.3399999987
2019,67+,Swipe Transaction,37287,1516753.1900000016