year,gender,use_chip,total_frequency,total_amount
2010,Female,Online Transaction,71047,4078471.0599999945
2010,Female,Swipe Transaction,559842,23467842.429999832
2010,Male,Online Transaction,63775,3879816.9899999672
2010,Male,Swipe Transaction,546216,22806425.639999334
2011,Female,Online Transaction,73343,4075225.3999999915
2011,Female,Swipe Transaction,584611,24310823.190000486
2011,Male,Online Transaction,66171,3877190.8499999926
2011,Male,Swipe Transaction,566645,23515665.519999526
2012,Female,Online Transaction,77373,4322663.9799999781
2012,Female,Swipe Transaction,596655,24767164.269999694
2012,Male,Online Transaction,69979,4046522.2400000021
2012,Male,Swipe Transaction,577665,23696060.370000571
2013,Female,Online Transaction,83155,4683845.65000002
2013,Female,Swipe Transaction,610381,25295098.839999966
2013,Male,Online Transaction,73986,4273366.8700000364
2013,Male,Swipe Transaction,585286,24032628.259999651
2014,Female,Online Transaction,85113,4767551.2399999751
2014,Female,Swipe Transaction,616471,25417652.049999319
2014,Male,Online Transaction,76346,4373083.4099999759
2014,Male,Swipe Transaction,587607,24059533.809999976
2015,Female,Chip Transaction,506703,20882164.159998741
2015,Female,Online Transaction,89334,5126272.0699999882
2015,Female,Swipe Transaction,115500,4597458.4200000688
2015,Male,Chip Transaction,476258,19266599.049999949
2015,Male,Online Transaction,80677,4739442.4099999815
2015,Male,Swipe Transaction,119593,4902071.319999963
2016,Female,Chip Transaction,511516,21099557.039999202
2016,Female,Online Transaction,89883,5136419.5899999
2016,Female,Swipe Transaction,114464,4571621.2099999366
2016,Male,Chip Transaction,476391,19388208.849999797
2016,Male,Online Transaction,80391,4738149.790000028
2016,Male,Swipe Transaction,119472,4910072.4199998956
2017,Female,Chip Transaction,515236,21124810.430000149
2017,Female,Online Transaction,88735,4965643.5199999567
2017,Female,Swipe Transaction,115022,4534596.1300000288
2017,Male,Chip Transaction,480889,19521811.859999958
2017,Male,Online Transaction,80040,4613874.98000001
2017,Male,Swipe Transaction,119386,4867743.709999986
2018,Female,Chip Transaction,512881,21184801.44999991
2018,Female,Online Transaction,87990,4948158.4400000144
2018,Female,Swipe Transaction,114804,4539447.1499999436
2018,Male,Chip Transaction,477764,19423219.529999588
2018,Male,Online Transaction,80587,4612712.9999999851
2018,Male,Swipe Transaction,120766,4918978.3700000448
2019,Female,Chip Transaction,426401,17499567.620000087
2019,Female,Online Transaction,73289,4138966.4500000034
2019,Female,Swipe Transaction,96167,3773723.5100000058
2019,Male,Chip Transaction,396779,16092843.950000424
2019,Male,Online Transaction,66698,3802731.5699999933
2019,Male,Swipe Transaction,100632,4167222.2100000242